epoch,time,train/loss,metrics/accuracy_top1,metrics/accuracy_top5,val/loss,lr/pg0,lr/pg1,lr/pg2
1,116.612,1.24538,0.90325,0.99469,0.31164,0.000236983,0.000236983,0.000236983
2,232.454,0.33628,0.92665,0.99438,0.25328,0.000459308,0.000459308,0.000459308
3,339.471,0.26298,0.9407,0.99625,0.17662,0.000665926,0.000665926,0.000665926
4,446.791,0.23807,0.94101,0.99625,0.18391,0.000643314,0.000643314,0.000643314
